company,location,industry,total_laid_off,percentage_laid_off,date,stage,country,funds_raised_millions
&Open,Dublin,Marketing,9.0,0.09,2022-11-17,Series A,Ireland,35.0
#Paid,Toronto,Marketing,19.0,0.17,2023-01-27,Series B,Canada,21.0
10X Genomics,SF Bay Area,Healthcare,100.0,0.08,2022-08-04,Post-IPO,United States,242.0
1stdibs,New York City,Retail,70.0,0.17,2020-04-02,Series D,United States,253.0
2TM,Sao Paulo,Crypto,90.0,0.12,2022-06-01,Unknown,Brazil,250.0
2TM,Sao Paulo,Crypto,100.0,0.15,2022-09-01,Unknown,Brazil,250.0
54gene,Washington D.C.,Healthcare,95.0,0.3,2022-08-29,Series B,United States,44.0
6sense,SF Bay Area,Sales,150.0,0.1,2022-10-12,Series E,United States,426.0
8x8,SF Bay Area,Support,155.0,0.07,2023-01-18,Post-IPO,United States,253.0
8x8,SF Bay Area,Support,200.0,0.09,2022-10-04,Post-IPO,United States,253.0
99,Sao Paulo,Transportation,75.0,0.02,2022-09-20,Acquired,Brazil,244.0
Abra,SF Bay Area,Crypto,12.0,0.05,2022-06-30,Series C,United States,106.0
Acast,Stockholm,Media,70.0,0.15,2022-09-15,Post-IPO,Sweden,126.0
Acko,Mumbai,Finance,45.0,0.09,2020-04-01,Unknown,India,143.0
Ada,Toronto,Support,78.0,0.16,2022-09-20,Series C,Canada,190.0
Ada Support,Toronto,Support,36.0,0.23,2020-04-24,Series B,Canada,60.0
Adaptive Biotechnologies,Seattle,Healthcare,100.0,0.12,2022-03-08,Post-IPO,United States,406.0
Addepar,SF Bay Area,Finance,20.0,0.03,2023-01-18,Series F,United States,491.0
AdRoll,Salt Lake City,Marketing,210.0,0.3,2020-03-31,Series C,United States,89.0
Advata,Seattle,Healthcare,32.0,0.21,2022-10-28,,United States,
Affirm,SF Bay Area,Finance,500.0,0.19,2023-02-08,Post-IPO,United States,1500.0
Afterverse,Brasilia,Consumer,60.0,0.2,2022-06-03,Unknown,Brazil,
Agoda,Singapore,Travel,1500.0,0.25,2020-05-18,Acquired,Singapore,
Ahead,SF Bay Area,Healthcare,44.0,1.0,2022-04-14,Unknown,United States,9.0
Airbnb,SF Bay Area,Travel,1900.0,0.25,2020-05-05,Private Equity,United States,5400.0
Airtable,SF Bay Area,Product,254.0,0.2,2022-12-08,Series F,United States,1400.0
Airtime,New York City,Consumer,30.0,0.2,2022-05-23,Series B,United States,33.0
Ajaib,Jakarta,Finance,67.0,0.08,2022-11-28,Unknown,Indonesia,245.0
Akili Labs,Baltimore,Healthcare,46.0,0.3,2023-01-12,Seed,United States,
AlayaCare,Montreal,Healthcare,80.0,0.14,2022-08-16,Series D,Canada,293.0
Albert,Los Angeles,Finance,20.0,0.08,2022-06-10,Series C,United States,175.0
Alice,Sao Paulo,Healthcare,113.0,0.16,2022-12-09,Series C,Brazil,174.0
AliExpress Russia,Moscow,Retail,400.0,0.4,2022-05-14,Acquired,Russia,60.0
Alto Pharmacy,SF Bay Area,Healthcare,47.0,0.06,2020-09-29,Series D,United States,356.0
Amazon,Seattle,Retail,8000.0,0.02,2023-01-04,Post-IPO,United States,108.0
Amazon,Seattle,Retail,10000.0,0.03,2022-11-16,Post-IPO,United States,108.0
Amdocs,St. Louis,Support,700.0,0.03,2023-01-02,Post-IPO,United States,
American Robotics,Boston,Other,50.0,0.65,2023-01-17,Acquired,United States,92.0
Amount,Chicago,Finance,130.0,0.25,2023-02-27,Unknown,United States,283.0
Amperity,Seattle,Marketing,13.0,0.03,2022-08-20,Series D,United States,187.0
Amplero,Seattle,Marketing,17.0,1.0,2020-03-29,Series B,United States,25.0
Andela,New York City,Recruiting,135.0,0.1,2020-05-05,Series D,United States,181.0
Anodot,Tel Aviv,Data,35.0,0.27,2022-07-06,Series C,United States,64.0
Antidote Health,Tel Aviv,Healthcare,23.0,0.38,2022-10-23,Unknown,Israel,36.0
Apartment List,SF Bay Area,Real Estate,29.0,0.1,2022-08-31,Series D,United States,169.0
App Annie,SF Bay Area,Data,80.0,0.18,2020-04-28,Unknown,United States,156.0
Appgate,Miami,Security,34.0,0.08,2023-02-01,Post-IPO,United States,
AppGate,Miami,Security,130.0,0.22,2022-07-21,Post-IPO,United States,
AppLovin,SF Bay Area,Marketing,300.0,0.12,2022-06-27,Post-IPO,United States,1600.0
ApplyBoard,Waterloo,Education,90.0,0.06,2022-11-28,Series D,Canada,483.0
Aqgromalin,Chennai,Food,80.0,0.3,2022-06-20,Unknown,India,12.0
Aqua Security,Boston,Security,65.0,0.1,2022-12-05,Series E,United States,265.0
Aqua Security,Tel Aviv,Security,24.0,0.09,2020-04-01,Series C,Israel,100.0
Argo AI,Pittsburgh,Transportation,150.0,0.05,2022-07-07,Unknown,United States,3600.0
Argyle,New York City,Finance,20.0,0.07,2022-08-26,Series B,United States,78.0
Armis,SF Bay Area,Security,25.0,0.04,2022-12-08,Private Equity,United States,537.0
Arrival,London,Transportation,800.0,0.5,2023-01-30,Post-IPO,United Kingdom,629.0
Arrive Logistics,Austin,Logistics,75.0,0.07,2020-04-03,Series B,United States,35.0
Article,Vancouver,Retail,216.0,0.17,2022-08-04,Series B,Canada,
Artnight,Berlin,Retail,26.0,0.36,2022-08-31,Unknown,Germany,
Asana,SF Bay Area,Other,180.0,0.09,2022-11-15,Post-IPO,United States,453.0
Astra,SF Bay Area,Aerospace,40.0,0.25,2020-04-05,Unknown,United States,100.0
Astronomer,Cincinnati,Data,76.0,0.2,2023-01-04,Series C,United States,282.0
Atlassian,Sydney,Other,500.0,0.05,2023-03-06,Post-IPO,Australia,210.0
AtoB,SF Bay Area,Finance,32.0,0.3,2022-10-19,Series B,United States,177.0
Atsu,Seattle,Infrastructure,6.0,1.0,2020-04-10,Unknown,United States,1.0
AU10TIX,Tel Aviv,Security,19.0,0.09,2023-01-31,Unknown,Israel,80.0
Augury,New York City,Manufacturing,20.0,0.05,2023-01-04,Series E,United States,274.0
Aura,Boston,Security,70.0,0.09,2022-06-23,Series F,United States,500.0
Autodesk,SF Bay Area,Other,250.0,0.02,2023-02-02,Post-IPO,United States,
Automation Anywhere,SF Bay Area,Other,260.0,0.1,2020-04-27,Series B,United States,840.0
Avantage Entertainment,Minneapolis,Media,5.0,0.2,2020-04-03,Unknown,United States,
AvantStay,Los Angeles,Travel,144.0,0.22,2022-11-09,Private Equity,United States,686.0
Avo,Tel Aviv,Food,500.0,0.67,2022-05-01,Series B,Israel,45.0
Away,New York City,Retail,60.0,0.1,2020-04-07,Series D,United States,181.0
Aya,Toronto,Finance,5.0,0.25,2020-11-19,Seed,United States,3.0
B8ta,SF Bay Area,Retail,250.0,0.5,2020-03-26,Series C,United States,88.0
Back Market,Paris,Retail,93.0,0.13,2022-12-23,Series E,France,1000.0
Banxa,Melbourne,Crypto,70.0,0.3,2022-06-27,Post-IPO,Australia,13.0
Bark,New York City,Retail,126.0,0.12,2023-02-09,Post-IPO,United States,
Baton,SF Bay Area,Transportation,16.0,0.25,2022-06-29,Series A,United States,13.0
Beam Benefits,Columbus,Healthcare,31.0,0.08,2023-02-08,Series E,United States,168.0
Bench,Vancouver,Finance,47.0,0.1,2020-03-27,Series B,Canada,49.0
Benevity,Calgary,Other,137.0,0.14,2023-01-18,Unknown,Canada,69.0
Berlin Brands Group,Berlin,Retail,100.0,0.1,2022-06-10,Unknown,Germany,1000.0
Bestow,Dallas,Finance,41.0,0.14,2022-06-24,Series C,United States,137.0
Better.com,New York City,Real Estate,900.0,0.09,2021-12-01,Unknown,United States,905.0
Better.com,New York City,Real Estate,3000.0,0.33,2022-03-08,Unknown,United States,905.0
Bevi,Boston,Food,30.0,0.2,2020-03-27,Series C,United States,60.0
Beyond Meat,Los Angeles,Food,200.0,0.19,2022-10-14,Post-IPO,United States,122.0
BeyondMinds,Tel Aviv,Data,65.0,1.0,2022-05-23,Series A,Israel,16.0
BharatAgri,Mumbai,Food,40.0,0.43,2023-01-15,Series A,India,21.0
BigCommerce,Austin,Retail,180.0,0.13,2022-12-15,Post-IPO,United States,224.0
BioMarin,SF Bay Area,Healthcare,120.0,0.04,2022-10-07,Post-IPO,United States,585.0
Bird,Los Angeles,Transportation,138.0,0.23,2022-06-07,Post-IPO,United States,783.0
Bird,Los Angeles,Transportation,406.0,0.3,2020-03-27,Series D,United States,623.0
BitMEX,Non-U.S.,Crypto,75.0,0.25,2022-04-04,Seed,Seychelles,0.0
BitOasis,Dubai,Crypto,9.0,0.05,2022-06-19,Series B,United Arab Emirates,30.0
Bitpanda,Vienna,Crypto,270.0,0.27,2022-06-24,Series C,Austria,546.0
Bitso,Mexico City,Crypto,80.0,0.11,2022-05-26,Series C,Mexico,378.0
BitTitan,Seattle,Data,70.0,0.27,2021-11-18,Acquired,United States,46.0
Bizzabo,New York City,Marketing,100.0,0.37,2022-12-01,Series E,United States,194.0
Bizzabo,New York City,Marketing,120.0,0.3,2022-07-05,Series E,United States,194.0
Blackbaud,Charleston,Other,500.0,0.14,,Post-IPO,United States,
BlackLine,Los Angeles,Finance,95.0,0.05,2022-12-08,Private Equity,United States,220.0
Blend,SF Bay Area,Finance,100.0,0.06,2022-11-10,Post-IPO,United States,665.0
Blend,SF Bay Area,Finance,200.0,0.1,2022-04-19,Post-IPO,United States,665.0
Blend,SF Bay Area,Finance,220.0,0.12,2022-08-15,Post-IPO,United States,665.0
Blend,SF Bay Area,Finance,340.0,0.28,2023-01-10,Post-IPO,United States,665.0
Blockchain.com,London,Crypto,110.0,0.28,2023-01-12,Series D,United Kingdom,490.0
Blockchain.com,London,Crypto,150.0,0.25,2022-07-21,Series D,United Kingdom,490.0
BlockFi,New York City,Crypto,250.0,0.2,2022-06-13,Series E,United States,1000.0
BloomTech,SF Bay Area,Education,88.0,0.5,2022-12-01,Unknown,United States,
Blueground,New York City,Real Estate,130.0,0.25,2020-03-27,Series B,United States,77.0
Blume Global,SF Bay Area,Logistics,30.0,0.1,2020-03-30,Unknown,United States,
Bluprint,Denver,Education,137.0,1.0,2020-05-26,Acquired,United States,108.0
Bolt,SF Bay Area,Finance,50.0,0.1,2023-01-24,Series E,United States,1300.0
Bolt,SF Bay Area,Finance,240.0,0.27,2022-05-25,Series E,United States,1300.0
Bonsai,Toronto,Retail,29.0,0.34,2022-04-26,Series A,Canada,27.0
Bonsai,Toronto,Retail,30.0,0.55,2022-06-20,Series A,Canada,27.0
Bonterra ,Austin,Other,140.0,0.1,2023-01-13,Unknown,United States,
BookClub,Salt Lake City,Education,12.0,0.25,2022-05-31,Series A,United States,26.0
Booking.com,Amsterdam,Travel,4375.0,0.25,2020-07-30,Acquired,Netherlands,
BookMyShow,Mumbai,Consumer,270.0,0.18,2020-05-28,Unknown,India,224.0
Boozt,Malmo,Retail,70.0,0.05,2022-06-09,Post-IPO,Sweden,56.0
Borrowell,Toronto,Finance,15.0,0.2,2020-04-06,Series B,Canada,72.0
Bounce,Bengaluru,Transportation,40.0,0.05,2023-01-06,Series D,India,214.0
Bounce,Bengaluru,Transportation,130.0,0.22,2020-06-29,Series D,India,214.0
Bounce,Bengaluru,Transportation,200.0,0.4,2021-02-22,Series D,India,214.0
BounceX,New York City,Marketing,77.0,0.2,2020-04-06,Series B,United States,75.0
Branch,New York City,Retail,3.0,0.27,2020-06-11,Seed,United States,2.0
Branch Metrics,SF Bay Area,Marketing,100.0,0.2,2020-04-07,Series E,United States,367.0
Brave Care,Portland,Healthcare,40.0,0.33,2022-09-06,Series B,United States,42.0
Breathe,New Delhi,Healthcare,50.0,0.33,2022-06-14,Series A,India,6.0
Breather,Montreal,Real Estate,120.0,0.8,2020-12-16,Series D,Canada,131.0
Brex,SF Bay Area,Finance,62.0,0.15,2020-05-29,Series C,United States,732.0
Brex,SF Bay Area,Finance,136.0,0.11,2022-10-11,Series D,United States,1500.0
Bridge Connector,Nashville,Healthcare,154.0,1.0,2020-11-17,Series B,United States,45.0
Bridgit,Waterloo,Construction,13.0,0.13,2022-12-06,Series B,Canada,36.0
Bright Machines,SF Bay Area,Data,30.0,0.08,2022-06-28,Unknown,Israel,250.0
Bright Money,Bengaluru,Finance,100.0,0.5,2022-07-15,Series A,India,31.0
Brighte,Sydney,Energy,30.0,0.15,2022-06-20,Series C,Australia,145.0
Bringg,Tel Aviv,Logistics,10.0,0.1,2020-04-21,Series D,Israel,84.0
Britishvolt,London,Transportation,206.0,1.0,2023-01-17,Unknown,United Kingdom,2400.0
Briza,Toronto,Finance,26.0,0.4,2022-12-20,Series A,Canada,10.0
Bryter,Berlin,Product,100.0,0.3,2022-07-13,Series B,Germany,89.0
Buenbit,Buenos Aires,Crypto,80.0,0.45,2022-05-23,Series A,Argentina,11.0
Builder,Los Angeles,Product,39.0,0.14,2020-06-04,Series A,United States,29.0
Built In,Chicago,Recruiting,50.0,0.25,2022-10-05,Series C,United States,29.0
Bullish,Hong Kong,Crypto,30.0,0.08,2022-07-05,Unknown,Hong Kong,300.0
BusBud,Montreal,Transportation,23.0,0.32,2020-04-06,Series B,Canada,21.0
Buser,Sao Paulo,Transportation,160.0,0.3,2022-12-08,Series C,Brazil,138.0
Bustle Digital Group,New York City,Media,24.0,0.08,2020-04-03,Series E,United States,80.0
Butler Hospitality,New York City,Food,1000.0,1.0,2022-07-08,Series B,United States,50.0
Button,New York City,Marketing,48.0,0.35,2020-04-08,Series C,United States,64.0
Buy.com / Rakuten,SF Bay Area,Retail,87.0,1.0,2020-07-30,Acquired,United States,42.0
BuzzFeed,New York City,Media,180.0,0.12,2022-12-06,Post-IPO,United States,696.0
BVAccel,San Diego,Marketing,25.0,0.25,2020-04-08,Unknown,United States,
Bybit,Singapore,Crypto,600.0,0.3,2022-06-20,Unknown,Singapore,
Byju's,Bengaluru,Education,2500.0,0.05,2022-10-12,Private Equity,India,5500.0
C2FO,Kansas City,Finance,20.0,0.02,2022-12-09,Series H,United States,537.0
C6 Bank,Sao Paulo,Finance,60.0,0.06,2020-04-06,Unknown,Brazil,
Cadre,New York City,Real Estate,28.0,0.25,2020-05-11,Series C,United States,133.0
Calibrate,New York City,Healthcare,156.0,0.24,2022-07-08,Series B,United States,127.0
Callisto Media,SF Bay Area,Media,140.0,0.35,2022-07-21,Series D,United States,
Calm,SF Bay Area,Healthcare,90.0,0.2,2022-08-11,Series C,United States,218.0
Cameo,Chicago,Consumer,87.0,0.25,2022-05-04,Unknown,United States,165.0
Candy Digital,New York City,Crypto,33.0,0.33,2022-11-28,Series A,United States,100.0
Canoo,Los Angeles,Transportation,58.0,0.06,2022-07-01,Post-IPO,United States,300.0
Capitolis,New York City,Finance,37.0,0.25,2022-11-17,Series D,United States,281.0
CaptivateIQ,SF Bay Area,Sales,31.0,0.1,2022-11-15,Series C,United States,164.0
Carbon Health,SF Bay Area,Healthcare,250.0,0.08,2022-06-02,Series D,United States,522.0
Careem,Dubai,Transportation,536.0,0.31,2020-05-04,Acquired,United Arab Emirates,771.0
Career Karma,SF Bay Area,Education,60.0,0.33,2022-07-28,Series B,United States,51.0
CarGurus,Boston,Transportation,130.0,0.13,2020-04-16,Post-IPO,United States,1.0
Carousell,Singapore,Retail,110.0,0.1,2022-12-01,Private Equity,Singapore,372.0
Cars24,Gurugram,Transportation,600.0,0.06,2022-05-19,Series G,India,1300.0
Carta,SF Bay Area,Finance,161.0,0.16,2020-04-15,Series E,United States,447.0
Carvana,Phoenix,Transportation,2500.0,0.12,2022-05-10,Post-IPO,United States,1600.0
Carvana,Phoenix,Transportation,1500.0,0.08,2022-11-18,Post-IPO,United States,1600.0
Carwow,London,Transportation,70.0,0.2,2022-11-25,Unknown,United Kingdom,157.0
Casper,New York City,Retail,78.0,0.21,2020-04-21,Post-IPO,United States,339.0
Cazoo,London,Transportation,750.0,0.15,2022-06-07,Post-IPO,United Kingdom,2000.0
Celsius,New York City,Crypto,150.0,0.25,2022-07-03,Series B,United States,864.0
Cerebral,SF Bay Area,Healthcare,285.0,0.15,2023-02-27,Series C,United States,462.0
Cerebral,SF Bay Area,Healthcare,400.0,0.2,2022-10-24,Series C,United States,462.0
Chainalysis,New York City,Crypto,44.0,0.05,2023-02-01,Series F,United States,536.0
Chargebee,SF Bay Area,Finance,142.0,0.1,2022-11-02,Series H,United States,468.0
Checkmarx,Tel Aviv,Security,100.0,0.1,2022-11-02,Series C,Israel,92.0
Checkout.com,London,Finance,100.0,0.05,2022-09-13,Series D,United Kingdom,1800.0
Checkr,SF Bay Area,HR,64.0,0.12,2020-07-23,Series D,United States,309.0
Chime,SF Bay Area,Finance,156.0,0.12,2022-11-02,Series G,United States,2300.0
Chipper Cash,SF Bay Area,Finance,50.0,0.125,2022-12-06,Series C,United States,302.0
Chipper Cash,SF Bay Area,Finance,100.0,0.33,2023-02-17,Series C,United States,302.0
Chope,Singapore,Food,65.0,0.24,2022-12-20,Series E,Singapore,50.0
ChowNow,Los Angeles,Food,40.0,0.1,2022-12-14,Series C,United States,64.0
ChowNow,Los Angeles,Food,100.0,0.2,2022-07-13,Series C,United States,64.0
Chrono24,Karlsruhe,Retail,65.0,0.13,2023-01-30,Series C,Germany,205.0
Cisco,SF Bay Area,Infrastructure,4100.0,0.05,2022-11-16,Post-IPO,United States,2.0
Citrine Informatics,SF Bay Area,Data,22.0,0.27,2023-01-20,Series C,United States,64.0
CityMall,Gurugram,Retail,191.0,0.3,2022-06-19,Series C,India,112.0
Clarify Health,SF Bay Area,Healthcare,15.0,0.05,2022-07-22,Series D,United States,328.0
ClassPass,New York City,Fitness,154.0,0.22,2020-04-02,Series E,United States,549.0
Clear,Bengaluru,Finance,190.0,0.2,2022-09-16,Series C,India,140.0
Clear Capital,Reno,Real Estate,250.0,0.25,2023-01-25,Unknown,United States,
Clear Capital,Reno,Real Estate,378.0,0.27,2022-10-14,Unknown,United States,
Clearbanc,Toronto,Finance,17.0,0.08,2020-04-13,Series B,Canada,119.0
Clearco,Toronto,Fin-Tech,125.0,0.25,2022-07-29,Series C,Canada,681.0
ClearCo,Toronto,Finance,50.0,0.3,2023-01-16,Series C,Canada,698.0
CleverTap,Mumbai,Marketing,60.0,0.2,2020-04-16,Series C,India,76.0
ClickUp,San Diego,Other,60.0,0.07,2022-05-23,Series C,United States,537.0
Clinc,Ann Arbor,Support,40.0,0.32,2020-04-09,Series B,United States,59.0
Cloudinary,SF Bay Area,Media,40.0,0.08,2022-11-14,Unknown,United States,100.0
Clue,Berlin,Healthcare,31.0,0.31,2023-01-18,Unknown,Germany,47.0
Clutch,Toronto,Transportation,76.0,0.22,2022-06-29,Series B,Canada,153.0
CNET,SF Bay Area,Media,12.0,0.1,2023-03-02,Acquired,United States,20.0
Code42,Minneapolis,Data,25.0,0.05,2020-04-09,Series B,United States,138.0
Coding Dojo,Seattle,Education,7.0,0.07,2020-04-02,Unknown,United States,2.0
Cogito,Boston,Support,24.0,0.14,2020-04-06,Series C,United States,92.0
Cognyte,Tel Aviv,Security,100.0,0.05,2022-12-02,Unknown,Israel,
Coinbase,SF Bay Area,Crypto,950.0,0.2,2023-01-10,Post-IPO,United States,549.0
Coinbase,SF Bay Area,Crypto,1100.0,0.18,2022-06-14,Post-IPO,United States,549.0
CoinJar,Melbourne,Crypto,10.0,0.2,2022-11-29,Unknown,Australia,1.0
Coinsquare,Toronto,Crypto,30.0,0.24,2022-07-27,Unknown,Canada,98.0
CommerceHub,Albany,Retail,371.0,0.31,2023-02-14,Acquired,United States,
Community,Los Angeles,Marketing,40.0,0.3,2022-06-21,Unknown,United States,40.0
Compass,New York City,Real Estate,375.0,0.15,2020-03-23,Series G,United States,1600.0
Compass,New York City,Real Estate,450.0,0.1,2022-06-14,Post-IPO,United States,1600.0
Compete,Tel Aviv,HR,11.0,0.28,2022-09-12,Series A,Israel,17.0
Confluent,SF Bay Area,Data,221.0,0.08,2023-01-26,Post-IPO,United States,455.0
Connected,Toronto,Product,17.0,0.1,2020-04-08,Unknown,Canada,
ConsenSys,New York City,Crypto,91.0,0.14,2020-04-20,Unknown,United States,10.0
ConsenSys,New York City,Crypto,100.0,0.11,2023-01-10,Series D,United States,726.0
Consider.co,SF Bay Area,Other,13.0,1.0,2020-03-26,Seed,United States,5.0
ContaAzul,Joinville,Education,140.0,0.35,2020-04-17,Series D,Brazil,37.0
ContraFect,New York City,Healthcare,16.0,0.37,2022-08-15,Post-IPO,United States,380.0
Convene,New York City,Real Estate,150.0,0.18,2020-03-23,Series D,United States,280.0
Convoy,Seattle,Logistics,90.0,0.07,2022-06-09,Series E,United States,1100.0
Coterie Insurance,Cincinnati,Finance,30.0,0.2,2022-05-25,Series B,United States,70.0
Crayon,Boston,Marketing,20.0,0.2,2020-04-01,Series A,United States,16.0
Credit Sesame,SF Bay Area,Finance,22.0,0.14,2020-06-03,Series F,United States,120.0
Crejo.Fun,Bengaluru,Education,170.0,1.0,2022-06-30,Seed,India,3.0
CrowdStreet,Portland,Real Estate,24.0,0.22,2020-06-01,Series C,United States,24.0
Cruise,SF Bay Area,Transportation,150.0,0.08,2020-05-14,Acquired,United States,5300.0
Crypto.com,Singapore,Crypto,260.0,0.05,2022-06-10,Unknown,Singapore,156.0
Crypto.com,Singapore,Crypto,2000.0,0.3,2022-10-06,Unknown,Singapore,156.0
CS Disco,Austin,Legal,62.0,0.09,2023-01-19,Post-IPO,United States,233.0
CTO.ai,Vancouver,Infrastructure,30.0,0.5,2020-03-20,Seed,Canada,7.0
Culture Amp,Melbourne,HR,36.0,0.08,2020-05-28,Series E,Australia,157.0
Culture Trip,London,Media,95.0,0.32,2020-05-01,Series B,United Kingdom,102.0
CureFit,Bengaluru,Fitness,800.0,0.16,2020-05-04,Series D,India,404.0
Curve,London,Finance,65.0,0.1,2022-06-01,Series C,United Kingdom,182.0
Cvent,Washington D.C.,Marketing,400.0,0.1,2020-05-21,Acquired,United States,146.0
Cybereason,Boston,Security,100.0,0.06,2022-06-01,Series F,United States,750.0
Cybereason,Boston,Security,200.0,0.17,2022-10-26,Series F,United States,750.0
CyCognito,SF Bay Area,Security,30.0,0.15,2022-12-08,Series C,United States,153.0
D2iQ,SF Bay Area,Infrastructure,34.0,0.13,2020-04-03,Series D,United States,247.0
Daily Harvest,New York City,Food,60.0,0.2,2022-02-10,Series D,United States,120.0
Daniel Wellington,Stockholm,Retail,200.0,0.15,2022-06-09,Unknown,Sweden,
Dapper Labs,Vancouver,Crypto,134.0,0.22,2022-11-02,Series D,United States,607.0
Dark,SF Bay Area,Product,6.0,1.0,2020-06-23,Seed,United States,3.0
DataRails,Tel Aviv,Finance,30.0,0.18,2022-12-05,Series B,Israel,103.0
DataRobot,Boston,Data,70.0,0.07,2022-05-11,Series G,United States,1000.0
Dazn,London,Consumer,50.0,0.02,2022-05-26,Unknown,United Kingdom,
DealShare,Bengaluru,Retail,100.0,0.06,2023-01-27,Series E,India,390.0
Definitive Healthcare,Boston,Healthcare,55.0,0.06,2023-01-12,Post-IPO,United States,
Deliv,SF Bay Area,Retail,669.0,1.0,2020-05-13,Series C,United States,80.0
Deliveroo,London,Food,350.0,0.09,2023-02-09,Post-IPO,United Kingdom,1700.0
Deliveroo,London,Food,367.0,0.15,2020-04-28,Series G,United Kingdom,1500.0
Deliveroo Australia,Melbourne,Food,120.0,1.0,2022-11-15,Post-IPO,Australia,1700.0
Delivery Hero,Berlin,Food,156.0,0.04,2023-01-30,Post-IPO,Germany,9900.0
Dell,Austin,Hardware,6650.0,0.05,2023-02-06,Post-IPO,United States,
Demandbase,SF Bay Area,Sales,27.0,0.03,2022-09-07,Series H,United States,143.0
Deputy,Sydney,HR,60.0,0.3,2020-05-04,Series B,Australia,106.0
Descartes Labs,Santa Fe,Data,12.0,0.16,2020-06-02,Series B,United States,58.0
DialSource,Sacramento,Marketing,5.0,0.14,2020-03-31,Series B,United States,26.0
Digital Currency Gruop,Stamford,Crypto,10.0,0.13,2022-11-02,Unknown,United States,
DigitalOcean,New York City,Infrastructure,200.0,0.11,2023-02-15,Post-IPO,United States,491.0
Divergent 3D,Los Angeles,Transportation,57.0,0.36,2020-04-24,Series B,United States,88.0
Divvy Homes,SF Bay Area,Real Estate,40.0,0.12,2022-09-27,Series B,United States,180.0
Dock,Sao Paulo,Finance,190.0,0.12,2022-11-07,Private Equity,Brazil,280.0
Docly,London,Healthcare,8.0,0.8,2020-08-19,Seed,United Kingdom,16.0
DocuSign,SF Bay Area,Sales,671.0,0.09,2022-09-28,Post-IPO,United States,536.0
DocuSign,SF Bay Area,Sales,680.0,0.1,2023-02-16,Post-IPO,United States,536.0
Doma,SF Bay Area,Finance,250.0,0.13,2022-08-04,Post-IPO,United States,679.0
Doma,SF Bay Area,Finance,310.0,0.15,2022-05-10,Post-IPO,United States,679.0
Doma,SF Bay Area,Finance,515.0,0.4,2022-12-06,Post-IPO,United States,679.0
Domestika,SF Bay Area,Education,150.0,0.19,2022-04-28,Series D,United States,130.0
Domo,Salt Lake City,Data,90.0,0.1,2020-04-09,Post-IPO,United States,689.0
DoorDash,SF Bay Area,Food,1250.0,0.06,2022-11-30,Post-IPO,United States,2500.0
Dotscience,London,Product,10.0,1.0,2020-05-19,Unknown,United Kingdom,
Dover,SF Bay Area,Recruiting,23.0,0.3,2022-07-26,Series A,United States,22.0
DraftKings,Boston,Consumer,140.0,0.04,2023-02-01,Post-IPO,United States,719.0
Dropbox,SF Bay Area,Other,315.0,0.15,2021-01-13,Post-IPO,United States,1700.0
Dutchie,Bend,Other,50.0,0.07,2022-06-06,Series D,United States,603.0
Dynamic Signal,SF Bay Area,HR,35.0,0.19,2020-04-02,Series E,United States,114.0
Earnin,SF Bay Area,Finance,50.0,0.2,2020-04-01,Series C,United States,190.0
EasyPost,SF Bay Area,Logistics,50.0,0.25,2020-04-13,Series A,United States,12.0
Eatsy,Singapore,Food,20.0,1.0,2020-08-08,Seed,Singapore,1.0
Ebanx,Curitiba,Finance,62.0,0.08,2020-05-27,Unknown,Brazil,30.0
Ebanx,Curitiba,Finance,340.0,0.2,2022-06-21,Series B,Brazil,460.0
eBay,SF Bay Area,Retail,500.0,0.04,2023-02-07,Post-IPO,United States,1200.0
Ecobee,Toronto,Energy,47.0,0.1,2020-03-26,Series C,Canada,149.0
Eden / Managed By Q,New York City,Real Estate,40.0,0.4,2020-04-08,Series B,United States,40.0
Edgio,Phoenix,Infrastructure,95.0,0.1,2022-12-13,Post-IPO,United States,462.0
eGym,Munich,Fitness,100.0,0.25,2020-04-02,Series D,Germany,109.0
Ejento,SF Bay Area,Recruiting,84.0,1.0,2020-03-19,Unknown,United States,
Electric,New York City,Other,141.0,0.25,2023-02-13,Series D,United States,212.0
Element AI,Montreal,Other,62.0,0.15,2020-05-04,Series B,Canada,257.0
Elementor,Tel Aviv,Media,60.0,0.15,2022-06-15,Unknown,Israel,65.0
Elinvar,Berlin,Finance,43.0,0.33,2022-10-21,Unknown,Germany,30.0
Embark Trucks,SF Bay Area,Transportation,230.0,0.7,2023-03-03,Post-IPO,United States,317.0
Embroker,SF Bay Area,Finance,30.0,0.12,2022-10-25,Series C,United States,142.0
Emotive,Los Angeles,Marketing,30.0,0.18,2022-07-07,Series B,United States,78.0
EMX Digital,New York City,Marketing,100.0,1.0,2023-02-13,Unknown,United States,
Enjoei,Sao Paulo,Retail,31.0,0.1,2023-01-20,Unknown,Brazil,14.0
Enjoy,SF Bay Area,Retail,400.0,0.18,2022-06-30,Post-IPO,United States,310.0
Envoy,SF Bay Area,HR,58.0,0.3,2020-04-14,Series B,United States,59.0
Equitybee,SF Bay Area,Finance,24.0,0.25,2023-02-08,Series B,United States,85.0
Equitybee,SF Bay Area,Finance,25.0,0.2,2022-10-31,Series B,United States,85.0
EquityZen,New York City,Finance,30.0,0.27,2022-10-31,Series B,United States,11.0
Ericsson,Stockholm,Other,8500.0,0.08,2023-02-24,Post-IPO,Sweden,663.0
Ermetic,SF Bay Area,Security,30.0,0.17,2023-01-23,Series B,United States,97.0
Ethos Life,SF Bay Area,Finance,18.0,0.14,2020-06-05,Series C,United States,106.0
Ethos Life,SF Bay Area,Finance,40.0,0.12,2022-06-24,Series D,United States,406.0
eToro,Tel Aviv,Finance,100.0,0.06,2022-07-05,Unknown,Israel,322.0
Eucalyptus,Sydney,Healthcare,50.0,0.2,2022-07-22,Series C,United States,69.0
Eventbrite,SF Bay Area,Consumer,80.0,0.08,2023-02-28,Post-IPO,United States,557.0
Eventbrite,SF Bay Area,Consumer,500.0,0.45,2020-04-08,Post-IPO,United States,332.0
Everlane,SF Bay Area,Retail,30.0,0.17,2023-01-05,Unknown,United States,176.0
Exodus,Nebraska City,Crypto,59.0,0.22,2022-11-04,Unknown,United States,60.0
Exotel,Bengaluru,Support,142.0,0.15,2023-01-17,Series D,India,87.0
Exterro,Portland,Legal,24.0,0.03,2023-02-01,Private Equity,United States,100.0
ezCater,Boston,Food,400.0,0.44,2020-04-07,Series D,United States,319.0
F5,Seattle,Security,100.0,0.01,2022-10-21,Post-IPO,United States,
FabHotels,New Delhi,Travel,80.0,0.2,2020-03-30,Series B,India,48.0
Fabric,New York City,Logistics,120.0,0.4,2022-07-13,Series C,United States,336.0
Facily,Sao Paulo,Retail,260.0,0.3,2022-04-20,Series D,Brazil,502.0
Faire,SF Bay Area,Retail,84.0,0.07,2022-10-18,Series G,United States,1700.0
FarEye,New Delhi,Logistics,250.0,0.3,2022-06-10,Series E,India,150.0
Fate Therapeutics,San Diego,Healthcare,315.0,0.57,2023-01-09,Post-IPO,United States,1200.0
Fifth Season,Pittsburgh,Food,100.0,1.0,2022-10-28,Series B,United States,35.0
Finite State,Columbus,Security,16.0,0.2,2022-06-17,Series B,United States,49.0
Finleap Connect,Hamburg,Finance,14.0,0.1,2022-06-30,Series A,Germany,22.0
Fireblocks,New York City,Crypto,30.0,0.05,2023-02-20,Series E,United States,1000.0
Fittr,Pune,Fitness,30.0,0.11,2023-03-02,Series A,India,13.0
Fiverr,Tel Aviv,Other,60.0,0.08,2022-07-26,Post-IPO,Israel,111.0
Flexport,SF Bay Area,Logistics,640.0,0.2,2023-01-11,Series E,United States,2400.0
Flipboard,SF Bay Area,Media,24.0,0.21,2022-10-16,Unknown,United States,235.0
Flockjay,SF Bay Area,Education,37.0,0.5,2021-08-24,Series A,United States,14.0
Fluke,Sao Paulo,Other,83.0,0.82,2022-08-17,Seed,Brazil,
Flyhomes,Seattle,Real Estate,200.0,0.2,2022-07-20,Series C,United States,310.0
Flyhomes,Seattle,Real Estate,300.0,0.4,2022-11-09,Series C,United States,310.0
Flymya,Yangon,Travel,200.0,0.33,2020-04-01,Unknown,Myanmar,
Flytedesk,Boulder,Marketing,4.0,0.2,2020-03-18,Seed,United States,4.0
Flywheel Sports,New York City,Fitness,784.0,0.98,2020-03-20,Acquired,United States,120.0
Flywire,Boston,Finance,60.0,0.12,2020-05-07,Series E,United States,263.0
Food52,New York City,Food,20.0,0.1,2022-04-08,Acquired,United States,176.0
Food52,New York City,Food,21.0,0.15,2022-06-03,Acquired,United States,176.0
Foodsby,Minneapolis,Food,87.0,0.67,2020-03-24,Series B,United States,20.0
ForeScout,SF Bay Area,Security,100.0,0.1,2023-01-10,Post-IPO,United States,125.0
Forma.ai,Toronto,Sales,15.0,0.09,2022-07-20,Series B,Canada,58.0
Forto,Berlin,Logistics,60.0,0.08,2022-11-11,Series D,United States,593.0
Forward,SF Bay Area,Healthcare,10.0,0.03,2020-04-20,Series C,United States,100.0
FourKites,Chicago,Logistics,60.0,0.08,2022-08-11,Series D,United States,201.0
Foxtrot,Chicago,Food,26.0,0.035,2022-09-23,Series C,United States,166.0
Freetrade,London,Finance,45.0,0.15,2022-06-10,Unknown,United Kingdom,133.0
Freshbooks,Toronto,Finance,38.0,0.09,2020-04-21,Series B,Canada,75.0
Freshworks,SF Bay Area,Support,90.0,0.02,2022-12-15,Post-IPO,United States,484.0
Frontdesk,Milwaukee,Travel,35.0,0.16,2020-04-10,Unknown,United States,3.0
FrontRow,Bengaluru,Education,130.0,0.75,2022-10-12,Series A,India,17.0
FrontRow,Bengaluru,Education,145.0,0.3,2022-05-27,Series A,India,17.0
Fundbox,SF Bay Area,Finance,14.0,0.15,2020-06-02,Series C,United States,453.0
Fundbox,SF Bay Area,Finance,150.0,0.42,2022-10-25,Series D,United States,553.0
Funding Societies,Singapore,Finance,65.0,0.18,2020-04-16,Series B,Singapore,42.0
G/O Media Group,New York City,Media,14.0,0.05,2020-04-03,Unknown,United States,
G2,Chicago,Marketing,17.0,0.05,2020-06-30,Series C,United States,101.0
Gather,SF Bay Area,Consumer,30.0,0.33,2022-06-02,Series B,United States,76.0
Geekwire,Seattle,Media,5.0,0.31,2020-04-10,Unknown,United States,
Gem,SF Bay Area,Recruiting,100.0,0.33,2022-11-01,Series C,United States,148.0
Gemini,New York City,Crypto,100.0,0.1,2022-06-02,Unknown,United States,423.0
Gemini,New York City,Crypto,68.0,0.07,2022-07-18,Unknown,United States,423.0
Genesis,New York City,Crypto,52.0,0.2,2022-08-17,Series A,United States,
Genesis,New York City,Crypto,60.0,0.3,2023-01-05,Series A,United States,
Getaround,SF Bay Area,Transportation,100.0,0.25,2020-03-27,Series D,United States,403.0
GetNinjas,Sao Paulo,Consumer,11.0,0.1,2020-04-08,Series B,Brazil,16.0
GetYourGuide,Berlin,Travel,90.0,0.17,2020-10-14,Series E,Germany,656.0
GitLab,SF Bay Area,Product,130.0,0.07,2023-02-09,Post-IPO,United States,413.0
Gitpod,Kiel,Product,21.0,0.28,2023-01-24,Series A,Germany,41.0
Glassdoor,SF Bay Area,Recruiting,300.0,0.3,2020-05-07,Acquired,United States,204.0
Glints,Singapore,HR,198.0,0.18,2022-12-08,Series D,Singapore,82.0
Glitch,New York City,Product,18.0,0.36,2020-05-21,Series A,United States,30.0
Glossier,New York City,Consumer,80.0,0.33,2022-01-26,Series E,United States,266.0
Glossier,New York City,Retail,19.0,0.08,2022-08-02,Series E,United States,266.0
Glossier,New York City,Retail,150.0,0.38,2020-08-07,Series D,United States,186.0
Glovo,Barcelona,Food,250.0,0.06,2023-01-30,Acquired,Spain,1200.0
GoBear,Singapore,Finance,22.0,0.11,2020-09-01,Unknown,Singapore,97.0
GoBolt,Toronto,Logistics,55.0,0.05,2023-01-10,Series C,Canada,178.0
GoDaddy,Austin,Marketing,451.0,0.06,2020-06-24,Post-IPO,United States,
GoDaddy,Phoenix,Marketing,530.0,0.08,2023-02-08,Post-IPO,United States,800.0
GoFundMe,SF Bay Area,Finance,94.0,0.12,2022-10-26,Series A,United States,
GoHealth,Chicago,Healthcare,800.0,0.2,2022-08-09,Post-IPO,United States,75.0
Gojek,Jakarta,Transportation,430.0,0.09,2020-06-23,Series F,Indonesia,4800.0
Gong,SF Bay Area,Sales,80.0,0.07,2023-02-08,Series E,United States,583.0
GoodRx,Los Angeles,Healthcare,140.0,0.16,2022-08-31,Post-IPO,United States,910.0
Google,SF Bay Area,Consumer,12000.0,0.06,2023-01-20,Post-IPO,United States,26.0
GoPro,SF Bay Area,Consumer,200.0,0.2,2020-04-15,Post-IPO,United States,288.0
Gopuff,Philadelphia,Food,450.0,0.03,2022-03-29,Series H,United States,3400.0
Gopuff,Philadelphia,Food,1500.0,0.1,2022-07-12,Series H,United States,3400.0
Gorillas,Berlin,Food,300.0,0.5,2022-05-24,Series C,Germany,1300.0
GoSpotCheck,Denver,Retail,23.0,0.2,2020-03-26,Series B,United States,47.0
GoTo Group,Jakarta,Transportation,1300.0,0.12,2022-11-10,Post-IPO,Indonesia,1300.0
Grab,Singapore,Transportation,360.0,0.05,2020-06-16,Series I,Singapore,9900.0
GrayMeta,Los Angeles,Data,20.0,0.4,2020-03-23,Unknown,United States,7.0
Greenhouse Software,New York City,Recruiting,120.0,0.28,2020-04-17,Series D,United States,110.0
Greenlight,Atlanta,Finance,104.0,0.21,2023-01-12,Series D,United States,556.0
Grin,Sacramento,Marketing,60.0,0.13,2022-11-30,Series B,United States,145.0
Group Nine Media,New York City,Media,50.0,0.07,2020-04-07,Unknown,United States,190.0
Groupon,Chicago,Retail,500.0,0.15,2022-08-08,Post-IPO,United States,1400.0
Groupon,Chicago,Retail,2800.0,0.44,2020-04-13,Post-IPO,United States,1400.0
Grover,Berlin,Retail,40.0,0.1,2022-12-07,Unknown,United States,2300.0
Guardant Health,SF Bay Area,Healthcare,130.0,0.07,2023-01-25,Post-IPO,United States,550.0
GumGum,Los Angeles,Marketing,90.0,0.25,2020-04-20,Series D,United States,58.0
Gusto,SF Bay Area,HR,126.0,0.05,2023-02-08,Series E,United States,746.0
Gympass,Sao Paulo,Fitness,467.0,0.33,2020-04-03,Series D,Brazil,300.0
Happy Money,Los Angeles,Finance,158.0,0.34,2022-11-30,Series D,United States,191.0
Harappa,New Delhi,Education,60.0,0.3,2023-01-03,Acquired,India,
Hash,Sao Paulo,Finance,58.0,0.5,2022-08-01,Series C,Brazil,58.0
Headspace,Los Angeles,Healthcare,50.0,0.04,2022-12-14,Unknown,United States,215.0
HealthMatch,Sydney,Healthcare,18.0,0.5,2022-06-28,Series B,Australia,20.0
Help.com,Austin,Support,16.0,1.0,2020-03-16,Seed,United States,6.0
Her Campus Media,Boston,Media,10.0,0.18,2020-06-10,Unknown,United States,
Heroes,London,Retail,24.0,0.2,2022-07-15,Unknown,United States,265.0
Hibob,Tel Aviv,HR,70.0,0.3,2020-03-30,Series A,Israel,45.0
Highsnobiety,Berlin,Media,51.0,0.25,2020-04-01,Series A,Germany,9.0
Highspot,Seattle,Sales,100.0,0.1,2023-02-02,Series F,United States,644.0
Hippo Insurance,SF Bay Area,Finance,70.0,0.1,2022-08-31,Post-IPO,United States,1300.0
Hirect,Bengaluru,Recruiting,200.0,0.4,2022-11-28,Series A,India,
Hireology,Chicago,Recruiting,36.0,0.17,2020-05-12,Series D,United States,52.0
Hodlnaut,Singapore,Crypto,40.0,0.8,2022-08-19,Unknown,Singapore,
Hologram,Chicago,Infrastructure,80.0,0.4,2022-06-09,Series B,United States,82.0
Homebot,Denver,Real Estate,18.0,0.13,2022-12-19,Acquired,United States,4.0
Homie,Salt Lake City,Real Estate,40.0,0.13,2022-10-04,Series B,United States,35.0
Homie,Salt Lake City,Real Estate,119.0,0.29,2022-02-14,Series B,United States,35.0
HOOQ,Singapore,Consumer,250.0,1.0,2020-03-27,Unknown,Singapore,95.0
Hootsuite,Vancouver,Marketing,50.0,0.05,2022-11-01,Series C,Canada,300.0
Hootsuite,Vancouver,Marketing,70.0,0.07,2023-01-18,Series C,Canada,300.0
Hootsuite,Vancouver,Marketing,400.0,0.3,2022-08-09,Series C,Canada,300.0
Hopin,London,Other,138.0,0.12,2022-02-10,Series D,United States,1000.0
Hopin,London,Other,242.0,0.29,2022-07-11,Series D,United Kingdom,1000.0
HopSkipDrive,Los Angeles,Transportation,8.0,0.1,2020-03-13,Unknown,United States,45.0
Horizn Studios,Berlin,Travel,15.0,0.25,2020-04-24,Series B,Germany,30.0
Hotmart,Belo Horizonte,Marketing,227.0,0.12,2022-10-20,Series C,Brazil,127.0
Houzz,SF Bay Area,Consumer,95.0,0.08,2022-12-07,Series E,United States,613.0
Houzz,SF Bay Area,Consumer,155.0,0.1,2020-04-21,Series E,United States,613.0
Hubba,Toronto,Retail,45.0,1.0,2021-02-01,Series B,Canada,61.0
Hubilo,SF Bay Area,Marketing,45.0,0.12,2022-07-12,Series B,United States,153.0
Hubilo,SF Bay Area,Other,115.0,0.35,2023-01-19,Series B,United States,153.0
HubSpot,Boston,Marketing,500.0,0.07,2023-01-31,Post-IPO,United States,100.0
Huobi,Beijing,Crypto,275.0,0.2,2023-01-06,Unknown,China,2.0
Huobi,Beijing,Crypto,300.0,0.3,2022-06-28,Unknown,China,2.0
Hyperscience,New York City,Data,100.0,0.25,2022-03-03,Series E,United States,289.0
IBM,New York City,Hardware,3900.0,0.02,2023-01-25,Post-IPO,United States,
Ibotta,Denver,Retail,87.0,0.15,2020-04-07,Series D,United States,85.0
iFit,Logan,Fitness,300.0,0.2,2022-11-14,Private Equity,United States,200.0
Iflix,Kuala Lumpur,Consumer,50.0,0.12,2020-04-04,Unknown,Malaysia,348.0
iFood,Sao Paulo,Food,355.0,0.06,2023-03-01,Subsidiary,Brazil,2100.0
Ike,SF Bay Area,Transportation,10.0,0.14,2020-04-22,Series A,United States,52.0
Illumina,San Diego,Healthcare,500.0,0.05,2022-11-14,Post-IPO,United States,28.0
Immersive Labs,Bristol,Security,38.0,0.1,2022-08-30,Series C,United Kingdom,123.0
Immutable,Sydney,Crypto,20.0,0.06,2022-07-26,Series C,Australia,279.0
Impala,London,Travel,30.0,0.35,2022-06-01,Series B,United Kingdom,32.0
Impossible Foods,SF Bay Area,Food,50.0,0.06,2022-10-06,Series H,United States,1900.0
Impossible Foods copy,SF Bay Area,Food,140.0,0.2,2023-01-30,Series H,United States,1900.0
Incredible Health,SF Bay Area,Healthcare,9.0,0.4,2020-04-01,Series A,United States,15.0
InDebted,Sydney,Finance,40.0,0.17,2022-07-26,Series B,Australia,41.0
Industrious,New York City,Real Estate,90.0,0.2,2020-04-02,Series D,United States,222.0
Infarm,Berlin,Other,50.0,0.05,2022-09-14,Series D,Germany,604.0
Infarm,Berlin,Other,500.0,0.5,2022-11-28,Series D,Germany,604.0
InfluxData,SF Bay Area,Data,65.0,0.27,2022-11-10,Series D,United States,119.0
Informatica,SF Bay Area,Data,450.0,0.07,2023-01-10,Post-IPO,United States,
InfoSum,London,Security,20.0,0.12,2022-10-19,Series B,United Kingdom,88.0
Innovaccer,SF Bay Area,Healthcare,90.0,0.08,2022-09-01,Series E,United States,379.0
Innovaccer,SF Bay Area,Healthcare,245.0,0.15,2023-01-24,Series E,United States,379.0
Innovid,New York City,Marketing,40.0,0.1,2023-01-23,Post-IPO,United States,295.0
Inspirato,Denver,Travel,109.0,0.12,2023-01-18,Post-IPO,United States,179.0
Inspirato,Denver,Travel,130.0,0.22,2020-03-16,Series C,United States,79.0
Instamojo,Bengaluru,Finance,6.0,0.06,2020-04-02,Unknown,India,8.0
Instructure,Salt Lake City,Education,150.0,0.12,2020-05-27,Acquired,United States,89.0
Intapp,SF Bay Area,Legal,45.0,0.05,2020-05-18,Private Equity,United States,
Integral Ad Science,New York City,Marketing,70.0,0.1,2020-05-14,Acquired,United States,116.0
Integral Ad Science,New York City,Marketing,120.0,0.13,2022-12-07,Acquired,United States,116.0
Intercom,SF Bay Area,Support,39.0,0.06,2020-05-20,Series D,United States,240.0
Intercom,SF Bay Area,Support,49.0,0.05,2022-09-07,Series D,United States,240.0
Intercom,SF Bay Area,Support,124.0,0.13,2022-11-14,Series D,United States,240.0
Intersect,Toronto,Product,19.0,0.11,2020-05-13,Acquired,Canada,
Intrinsic,SF Bay Area,Other,40.0,0.2,2023-01-11,Acquired,United States,
Introhive,Ferdericton,Sales,57.0,0.16,2022-07-20,Series C,Canada,125.0
Intuit,SF Bay Area,Finance,715.0,0.07,2020-06-22,Post-IPO,United States,18.0
Involves,FlorianÃ³polis,Retail,70.0,0.18,2022-07-13,Unknown,Brazil,23.0
iPrice Group,Kuala Lumpur,Retail,50.0,0.2,2022-06-08,Unknown,Malaysia,26.0
Iris Nova,New York City,Food,9.0,0.5,2020-03-30,Seed,United States,15.0
IRL,SF Bay Area,Consumer,25.0,0.25,2022-06-02,Series C,United States,197.0
iRobot,Boston,Consumer,85.0,0.07,2023-02-13,Acquired,United States,30.0
iRobot,Boston,Consumer,140.0,0.1,2022-08-05,Acquired,United States,30.0
Iron Ox,SF Bay Area,Food,50.0,0.5,2022-11-02,Series C,United States,103.0
IronNet,Washington D.C.,Security,55.0,0.17,2022-06-22,Post-IPO,United States,410.0
IronNet,Washington D.C.,Security,90.0,0.35,2022-06-22,Post-IPO,United States,410.0
Jam City,Los Angeles,Consumer,200.0,0.17,2022-08-04,Unknown,United States,652.0
Jama,Portland,Product,12.0,0.05,2020-03-25,Unknown,United States,233.0
JD.ID,Jakarta,Retail,200.0,0.3,2022-12-14,Post-IPO,Indonesia,5100.0
JetClosing,Seattle,Real Estate,20.0,0.2,2020-04-27,Series A,United States,24.0
Jetty,New York City,Finance,35.0,0.4,2020-04-03,Series B,United States,40.0
Jimdo,Hamburg,Other,50.0,0.16,2022-11-15,Unknown,Germany,28.0
Jiobit,Chicago,Consumer,6.0,0.21,2020-04-24,Unknown,United States,12.0
Jobcase,Boston,Recruiting,39.0,0.2,2020-04-02,Private Equity,United States,118.0
JOKR,New York City,Food,50.0,0.05,2022-06-16,Series B,United States,430.0
Jumia,Lagos,Retail,900.0,0.2,2022-11-21,Post-IPO,Nigeria,1200.0
Jumio,SF Bay Area,Security,100.0,0.06,2023-01-11,Private Equity,United States,205.0
Jump,New York City,Transportation,500.0,1.0,2020-05-07,Acquired,United States,11.0
Jumpcloud,Boulder,Security,100.0,0.12,2023-01-18,Series F,United States,416.0
Juni,Gothenburg,Finance,72.0,0.33,2022-11-17,Unknown,Sweden,281.0
Juul,SF Bay Area,Consumer,400.0,0.3,2022-11-10,Unknown,United States,1500.0
Juul,SF Bay Area,Consumer,900.0,0.3,2020-05-05,Unknown,United States,1500.0
Kabam,SF Bay Area,Consumer,35.0,0.07,2022-11-09,Acquired,United States,244.0
Kaltura,New York City,Media,75.0,0.11,2023-01-04,Post-IPO,United States,166.0
Katerra,SF Bay Area,Construction,240.0,0.03,2020-04-02,Series D,United States,1200.0
Katerra,SF Bay Area,Construction,400.0,0.07,2020-06-29,Series E,United States,1300.0
Katerra,SF Bay Area,Construction,2434.0,1.0,2021-06-01,Unknown,United States,1600.0
Kayak / OpenTable,Stamford,Travel,160.0,0.08,2020-04-29,Acquired,United States,229.0
KeepTruckin,SF Bay Area,Logistics,349.0,0.18,2020-03-31,Series D,United States,227.0
Kenoby,Sao Paulo,Recruiting,18.0,0.16,2020-04-08,Unknown,Brazil,23.0
Khoros,Austin,Sales,120.0,0.1,2022-10-21,Private Equity,United States,138.0
Kiavi,SF Bay Area,Real Estate,39.0,0.07,2022-07-14,Series E,United States,240.0
Kickstarter,New York City,Finance,25.0,0.18,2020-05-13,Unknown,United States,10.0
Kinde,Sydney,Other,8.0,0.28,2023-02-20,Seed,Australia,10.0
Kitopi,Dubai,Food,93.0,0.1,2022-11-21,Series C,United States,804.0
Kitty Hawk,SF Bay Area,Aerospace,100.0,1.0,2022-09-21,Unknown,United States,1.0
Klarna,Stockholm,Finance,700.0,0.1,2022-05-23,Unknown,Sweden,3700.0
Klook,Hong Kong,Travel,300.0,0.15,2020-04-20,Series D,Hong Kong,521.0
Knock,New York City,Real Estate,115.0,0.46,2022-03-15,Unknown,United States,654.0
Knotel,New York City,Real Estate,20.0,0.08,2020-10-29,Series C,United States,560.0
Knotel,New York City,Real Estate,127.0,0.3,2020-03-27,Series C,United States,560.0
Kodiak Robotics,SF Bay Area,Transportation,15.0,0.2,2020-04-15,Series A,United States,40.0
Koho,Toronto,Finance,15.0,0.04,2022-11-17,Series D,Canada,278.0
Koinly,London,Crypto,16.0,0.14,2022-12-06,Unknown,United Kingdom,
KoinWorks,Jakarta,Finance,70.0,0.08,2022-11-04,Unknown,Indonesia,180.0
Komodo Health,SF Bay Area,Healthcare,23.0,0.09,2020-04-20,Series C,United States,50.0
Komodo Health,SF Bay Area,Healthcare,78.0,0.09,2022-12-13,Series E,United States,514.0
Kontist,Berlin,Finance,50.0,0.25,2022-05-25,Series B,Germany,53.0
Kraken,SF Bay Area,Crypto,1100.0,0.3,2022-11-30,Unknown,United States,134.0
Kry,Stockholm,Healthcare,100.0,0.1,2022-05-17,Series D,Sweden,568.0
Kry,Stockholm,Healthcare,300.0,0.1,2022-10-31,Series D,Sweden,568.0
Kuda,Lagos,Finance,23.0,0.05,2022-09-02,Series B,Nigeria,91.0
Kueski,Guadalajara,Finance,90.0,0.3,2020-04-20,Series B,Mexico,38.0
Lacework,SF Bay Area,Security,300.0,0.2,2022-05-25,Series D,United States,1900.0
Ladder Life,SF Bay Area,Finance,13.0,0.25,2020-03-23,Series C,United States,94.0
Lam Research,SF Bay Area,Hardware,1300.0,0.07,2023-01-25,Post-IPO,United States,
Lastline,SF Bay Area,Security,50.0,0.4,2020-06-04,Series C,United States,52.0
Latch,New York City,Security,30.0,0.06,2022-05-10,Post-IPO,United States,342.0
Latch,New York City,Security,115.0,0.37,2022-08-02,Post-IPO,United States,342.0
Latch,New York City,Security,130.0,0.28,2022-05-20,Post-IPO,United States,342.0
Lattice,SF Bay Area,HR,16.0,0.1,2020-05-15,Series C,United States,49.0
Lawgeex,Tel Aviv,Legal,30.0,0.33,2022-09-06,Series C,Israel,41.0
LEAD,Mumbai,Education,80.0,0.04,2022-08-04,Series E,India,166.0
LeafLink,New York City,Other,80.0,0.31,2022-12-15,Series C,United States,379.0
Leafly,Seattle,Retail,56.0,0.21,2022-10-18,Post-IPO,United States,71.0
Leafly,Seattle,Retail,91.0,0.5,2020-03-23,Acquired,United States,2.0
LearnUpon,Dublin,Education,27.0,0.09,2023-02-07,Private Equity,Ireland,56.0
Legible,Vancouver,Media,23.0,0.38,2022-04-04,Post-IPO,Canada,3.0
Lemon,Buenos Aires,Crypto,100.0,0.38,2022-11-24,Series A,Argentina,17.0
Lending Club,SF Bay Area,Finance,225.0,0.14,2023-01-12,Post-IPO,United States,392.0
Lending Club,SF Bay Area,Finance,460.0,0.3,2020-04-21,Post-IPO,United States,392.0
Lendingkart,Ahmedabad,Finance,500.0,0.5,2020-05-15,Unknown,India,200.0
Lendis,Berlin,Other,18.0,0.15,2022-07-04,Series A,Germany,90.0
Lev,New York City,Real Estate,30.0,0.3,2022-12-07,Series B,United States,114.0
Lever,SF Bay Area,Recruiting,86.0,0.4,2020-04-08,Series C,United States,72.0
Liftoff,SF Bay Area,Marketing,130.0,0.15,2022-11-09,Acquired,United States,6.0
Lighter Capital,Seattle,Finance,18.0,0.22,2020-04-24,Series B,United States,15.0
Lighter Capital,Seattle,Finance,22.0,0.49,2020-07-20,Series B,United States,15.0
Lighthouse Labs,Toronto,Education,14.0,0.07,2020-04-09,Unknown,Canada,
Lightico,Tel Aviv,Finance,20.0,0.25,2023-02-05,Series B,Israel,42.0
Lightricks,Jerusalem,Consumer,80.0,0.12,2022-07-04,Series D,Israel,335.0
Lightspeed Commerce,Montreal,Retail,300.0,0.1,2023-01-17,Post-IPO,Canada,1200.0
Lime,SF Bay Area,Transportation,80.0,0.13,2020-04-29,Series D,United States,765.0
Limelight,New York City,Recruiting,13.0,1.0,2021-02-04,Unknown,United States,
LinkedIn,SF Bay Area,Recruiting,960.0,0.06,2020-07-21,Acquired,United States,154.0
Linkfire,Copenhagen,Marketing,35.0,0.35,2022-10-11,Seed,Denmark,2.0
Linktree,Melbourne,Consumer,50.0,0.17,2022-08-09,Unknown,Australia,165.0
Lithic,New York City,Finance,27.0,0.18,2022-12-07,Series C,United States,115.0
Liv Up,Sao Paulo,Food,100.0,0.15,2022-02-16,Series D,Brazil,118.0
LivePerson,New York City,Support,193.0,0.11,2022-09-15,Post-IPO,United States,42.0
Livspace,Bengaluru,Retail,450.0,0.15,2020-05-19,Series D,India,157.0
Loft,Sao Paulo,Real Estate,47.0,0.1,2020-04-17,Series C,Brazil,263.0
Loft,Sao Paulo,Real Estate,312.0,0.12,2022-12-07,Unknown,Brazil,788.0
Loft,Sao Paulo,Real Estate,340.0,0.15,2023-03-03,Unknown,Brazil,788.0
Loft,Sao Paulo,Real Estate,384.0,0.12,2022-07-05,Unknown,Brazil,788.0
Loftium,Seattle,Real Estate,32.0,0.6,2020-05-29,Series A,United States,17.0
Loftsmart,New York City,Real Estate,25.0,0.75,2020-03-30,Series A,United States,18.0
Loggi,Sao Paulo,Logistics,300.0,0.07,2023-02-06,Series F,Brazil,507.0
Loggi,Sao Paulo,Logistics,500.0,0.15,2022-08-08,Series F,Brazil,507.0
Loja Integrada,Sao Paulo,Retail,25.0,0.1,2022-08-25,Acquired,Brazil,
Lokalise,Dover,Other,76.0,0.23,2022-11-16,Series B,United States,56.0
Loom,SF Bay Area,Product,23.0,0.11,2022-10-20,Series C,United States,203.0
